{
  "group": {
    "name": "model_11",
    "type": "group",
    "label": "Ethernet Link Layer",
    "desc": "Include to support a wired ethernet port",
    "points": [
      {
        "name": "ID",
        "type": "uint16",
        "size": 1,
        "mandatory": "M",
        "static": "S",
        "label": "Model ID",
        "desc": "Model identifier",
        "value": 11
      },
      {
        "name": "L",
        "type": "uint16",
        "size": 1,
        "mandatory": "M",
        "static": "S",
        "label": "Model Length",
        "desc": "Model length"
      },
      {
        "name": "Spd",
        "type": "uint16",
        "size": 1,
        "units": "Mbps",
        "mandatory": "M",
        "label": "Ethernet Link Speed",
        "desc": "Interface speed in Mb/s"
      },
      {
        "name": "CfgSt",
        "type": "bitfield16",
        "size": 1,
        "mandatory": "M",
        "label": "Interface Status Flags",
        "desc": "Bitmask values Interface flags.",
        "symbols": [
          {
            "name": "LINK",
            "value": 0
          },
          {
            "name": "FULL_DUPLEX",
            "value": 1
          },
          {
            "name": "AUTO_NEG1",
            "value": 2
          },
          {
            "name": "AUTO_NEG2",
            "value": 3
          },
          {
            "name": "AUTO_NEG3",
            "value": 4
          },
          {
            "name": "RESET_REQUIRED",
            "value": 5
          },
          {
            "name": "HW_FAULT",
            "value": 6
          }
        ]
      },
      {
        "name": "St",
        "type": "enum16",
        "size": 1,
        "mandatory": "M",
        "label": "Link State",
        "desc": "Enumerated value. State information for this interface",
        "symbols": [
          {
            "name": "UNKNOWN",
            "value": 0
          },
          {
            "name": "ENABLED",
            "value": 1
          },
          {
            "name": "DISABLED",
            "value": 2
          },
          {
            "name": "TESTING",
            "value": 3
          }
        ]
      },
      {
        "name": "MAC",
        "type": "eui48",
        "size": 4,
        "label": "MAC",
        "desc": "IEEE MAC address of this interface"
      },
      {
        "name": "Nam",
        "type": "string",
        "size": 4,
        "access": "RW",
        "label": "Name",
        "desc": "Interface name (8 chars)"
      },
      {
        "name": "Ctl",
        "type": "bitfield16",
        "size": 1,
        "access": "RW",
        "label": "Control",
        "desc": "Control flags",
        "symbols": [
          {
            "name": "AUTO",
            "value": 0
          },
          {
            "name": "FULL_DUPLEX",
            "value": 1
          }
        ]
      },
      {
        "name": "FrcSpd",
        "type": "uint16",
        "size": 1,
        "units": "Mbps",
        "access": "RW",
        "label": "Forced Speed",
        "desc": "Forced interface speed in Mb/s when AUTO is disabled"
      }
    ]
  },
  "id": 11
}