{
  "group": {
    "name": "REbus_dir",
    "type": "group",
    "label": "REbus Device Directory",
    "desc": "Device List",
    "points": [
      {
        "name": "ID",
        "type": "uint16",
        "size": 1,
        "mandatory": "M",
        "static": "S",
        "label": "Model ID",
        "desc": "Model identifier",
        "value": 64200
      },
      {
        "name": "L",
        "type": "uint16",
        "size": 1,
        "mandatory": "M",
        "static": "S",
        "label": "Model Length",
        "desc": "Model length"
      },
      {
        "name": "UpdtN",
        "type": "uint16",
        "size": 1,
        "mandatory": "M",
        "label": "Update number",
        "desc": "Update Number. Incrementing number each time the mappping is changed.  If the number is not changed from the last reading then none of the Modbus device addresses have changed."
      },
      {
        "name": "Ct",
        "type": "uint16",
        "size": 1,
        "mandatory": "M",
        "label": "Device count",
        "desc": "The number of connected devices (and repetitions of repeating block)"
      },
      {
        "name": "SysMd",
        "type": "enum16",
        "size": 1,
        "access": "RW",
        "mandatory": "M",
        "label": "System Operating Mode",
        "desc": "REbus System mode (sysmode), also known as the operational mode",
        "symbols": [
          {
            "name": "SAFETY_SHUTDOWN",
            "value": 0
          },
          {
            "name": "GRID_CONNECT",
            "value": 1
          },
          {
            "name": "SELF_SUPPLY",
            "value": 2
          },
          {
            "name": "CLEAN_BACKUP",
            "value": 3
          },
          {
            "name": "PRIORITY_BACKUP",
            "value": 4
          },
          {
            "name": "ARBITRAGE",
            "value": 5
          },
          {
            "name": "FULL_EXPORT",
            "value": 6
          }
        ]
      },
      {
        "name": "VT_sf",
        "type": "sunssf",
        "size": 1,
        "mandatory": "M",
        "label": "VT_sf",
        "desc": "Scale factor for V and T of repeating block"
      },
      {
        "name": "I_sf",
        "type": "sunssf",
        "size": 1,
        "mandatory": "M",
        "label": "I_sf",
        "desc": "Scale factor for I of repeating block"
      },
      {
        "name": "Time",
        "type": "uint32",
        "size": 2,
        "units": "s",
        "mandatory": "M",
        "label": "Current system time",
        "desc": "Unix epoch time"
      },
      {
        "name": "Clr",
        "type": "enum16",
        "size": 1,
        "access": "RW",
        "mandatory": "M",
        "label": "Clear device list",
        "symbols": [
          {
            "name": "NO",
            "value": 0
          },
          {
            "name": "CLEAR",
            "value": 1
          }
        ]
      }
    ],
    "groups": [
      {
        "name": "devices",
        "type": "group",
        "count": 0,
        "points": [
          {
            "name": "Man",
            "type": "enum16",
            "size": 1,
            "mandatory": "M",
            "label": "Manufacturer",
            "desc": "RCP number (manufacturer)",
            "symbols": [
              {
                "name": "GENERAC",
                "value": 1
              }
            ]
          },
          {
            "name": "Dev",
            "type": "enum16",
            "size": 1,
            "mandatory": "M",
            "label": "Device Type",
            "desc": "RCP number (device type)",
            "symbols": [
              {
                "name": "ICM",
                "value": 0
              },
              {
                "name": "PV_LINK",
                "value": 3
              },
              {
                "name": "INVERTER",
                "value": 7
              },
              {
                "name": "BATTERY",
                "value": 8
              },
              {
                "name": "BEACON",
                "value": 18
              },
              {
                "name": "PVLINK",
                "value": 19
              }
            ]
          },
          {
            "name": "ID",
            "type": "uint16",
            "size": 1,
            "mandatory": "M",
            "label": "Device ID",
            "desc": "RCP number (device ID)"
          },
          {
            "name": "Ena",
            "type": "enum16",
            "size": 1,
            "access": "RW",
            "mandatory": "M",
            "label": "Enable",
            "desc": "enable/disable device",
            "symbols": [
              {
                "name": "DISABLED",
                "value": 0
              },
              {
                "name": "ENABLED",
                "value": 1
              }
            ]
          },
          {
            "name": "UnitID",
            "type": "uint16",
            "size": 1,
            "mandatory": "M",
            "label": "ModBus ID",
            "desc": "Modbus unit identifier"
          },
          {
            "name": "UpdtTm",
            "type": "uint32",
            "size": 2,
            "units": "s",
            "mandatory": "M",
            "label": "Update Time",
            "desc": "Time of last update (Unix epoch time)"
          },
          {
            "name": "St",
            "type": "enum16",
            "size": 1,
            "mandatory": "M",
            "label": "State",
            "symbols": [
              {
                "name": "UNKNOWN",
                "value": 0
              },
              {
                "name": "DISABLED",
                "value": 16
              },
              {
                "name": "INITIALIZING",
                "value": 256
              },
              {
                "name": "POWERING_UP",
                "value": 272
              },
              {
                "name": "CONNECTING_BUS",
                "value": 288
              },
              {
                "name": "DISCONNECTING_BUS",
                "value": 304
              },
              {
                "name": "TESTING_BUS",
                "value": 320
              },
              {
                "name": "LOW_BUS_VOLTAGE",
                "value": 512
              },
              {
                "name": "STANDBY",
                "value": 768
              },
              {
                "name": "WAITING",
                "value": 784
              },
              {
                "name": "WAITING_NO_INPUT",
                "value": 800
              },
              {
                "name": "CONNECTING_GRID",
                "value": 2048
              },
              {
                "name": "DISCONNECTING_GRID",
                "value": 2064
              },
              {
                "name": "GRID_CONNECTED",
                "value": 2080
              },
              {
                "name": "ISLANDED",
                "value": 2096
              },
              {
                "name": "CONNECTING_GENERATOR",
                "value": 2112
              },
              {
                "name": "GENERATOR_PARALLEL",
                "value": 2128
              },
              {
                "name": "LOW_INPUT_VOLTAGE",
                "value": 4096
              },
              {
                "name": "TESTING_DEVICE_INPUT",
                "value": 4112
              },
              {
                "name": "CONNECTING_INPUT",
                "value": 4352
              },
              {
                "name": "DISCONNECTING_INPUT",
                "value": 4368
              },
              {
                "name": "CALIBRATING",
                "value": 4608
              },
              {
                "name": "CALIBRATION_SUCCESS",
                "value": 4624
              },
              {
                "name": "CALIBRATION_NEEDED",
                "value": 4640
              },
              {
                "name": "BURN_IN",
                "value": 4656
              },
              {
                "name": "BURN_IN_DONE",
                "value": 4672
              },
              {
                "name": "SCHEDULER_OVERRIDDEN",
                "value": 4864
              },
              {
                "name": "SCHEDULER_DISABLED",
                "value": 4880
              },
              {
                "name": "RUNNING",
                "value": 8192
              },
              {
                "name": "MAKING_POWER",
                "value": 8208
              },
              {
                "name": "LIMITING_POWER",
                "value": 8224
              },
              {
                "name": "LOW_WIND",
                "value": 12288
              },
              {
                "name": "HIGH_WIND",
                "value": 12304
              },
              {
                "name": "LOW_SUN",
                "value": 12544
              },
              {
                "name": "CHARGING_BATTERY",
                "value": 24576
              },
              {
                "name": "FLOAT_CHARGING_BATTERY",
                "value": 24592
              },
              {
                "name": "BULK_CHARGING_BATTERY",
                "value": 24608
              },
              {
                "name": "ABSORPTION_CHARGING_BATTERY",
                "value": 24624
              },
              {
                "name": "EQUALIZE_CHARGING_BATTERY",
                "value": 24640
              },
              {
                "name": "DISCHARGING_BATTERY",
                "value": 24832
              },
              {
                "name": "LOW_BATTERY_VOLTAGE",
                "value": 24848
              },
              {
                "name": "ERROR_GENERIC",
                "value": 28672
              },
              {
                "name": "OVER_VOLTAGE_INPUT",
                "value": 28688
              },
              {
                "name": "OVER_VOLTAGE_OUTPUT",
                "value": 28704
              },
              {
                "name": "OVER_CURRENT_INPUT",
                "value": 28720
              },
              {
                "name": "OVER_CURRENT_OUTPUT",
                "value": 28736
              },
              {
                "name": "ERROR_LOW_BATTERY_VOLTAGE",
                "value": 28752
              },
              {
                "name": "OVER_TEMPERATURE",
                "value": 28928
              },
              {
                "name": "GROUND_FAULT",
                "value": 29184
              },
              {
                "name": "INSULATION_FAULT",
                "value": 29200
              },
              {
                "name": "CALIBRATION_0",
                "value": 32256
              },
              {
                "name": "CALIBRATION_1",
                "value": 32272
              },
              {
                "name": "CALIBRATION_2",
                "value": 32288
              },
              {
                "name": "CALIBRATION_3",
                "value": 32304
              }
            ]
          },
          {
            "name": "P",
            "type": "int16",
            "size": 1,
            "units": "W",
            "mandatory": "M",
            "label": "REbus Power",
            "desc": "REbus power (positive means the device is sourcing power onto REbus, negative means the device is sinking power from REbus) "
          },
          {
            "name": "E",
            "type": "uint32",
            "size": 2,
            "units": "Wh",
            "mandatory": "M",
            "label": "Accumulated Energy",
            "desc": "Total accumulated energy (exact definition differs by device)"
          },
          {
            "name": "Rb",
            "type": "uint16",
            "size": 1,
            "mandatory": "M",
            "label": "REbus Bits",
            "symbols": [
              {
                "name": "ENABLE_MASTER",
                "value": 0
              },
              {
                "name": "ENABLE_SOURCE",
                "value": 1
              },
              {
                "name": "ENABLE_SINK",
                "value": 2
              },
              {
                "name": "RESERVED3",
                "value": 3
              },
              {
                "name": "BUS_CONNECTED",
                "value": 4
              },
              {
                "name": "BUS_DISCONNECTED",
                "value": 5
              },
              {
                "name": "SOURCING",
                "value": 6
              },
              {
                "name": "SINKING",
                "value": 7
              },
              {
                "name": "BUS_VOLTAGE_LOW",
                "value": 8
              },
              {
                "name": "BUS_VOLTAGE_HIGH",
                "value": 9
              },
              {
                "name": "BUS_IMBALANCE",
                "value": 10
              },
              {
                "name": "RESERVED11",
                "value": 11
              },
              {
                "name": "PLC_GOOD",
                "value": 12
              },
              {
                "name": "HEARTBEAT_GOOD",
                "value": 13
              },
              {
                "name": "ADAPTIVE_VREBUS_ACTIVE",
                "value": 14
              },
              {
                "name": "RESERVED15",
                "value": 15
              }
            ]
          },
          {
            "name": "V",
            "type": "int16",
            "size": 1,
            "sf": "VT_sf",
            "units": "V",
            "mandatory": "M",
            "label": "REbus Voltage ",
            "desc": "REbus voltage in V*10"
          },
          {
            "name": "I",
            "type": "int16",
            "size": 1,
            "sf": "I_sf",
            "units": "A",
            "mandatory": "M",
            "label": "REbus Current",
            "desc": "REbus current in A*10"
          },
          {
            "name": "T",
            "type": "int16",
            "size": 1,
            "sf": "VT_sf",
            "units": "C",
            "mandatory": "M",
            "label": "Device Temperature",
            "desc": "Device temperature in C*10"
          },
          {
            "name": "O0",
            "type": "uint16",
            "size": 1,
            "mandatory": "M",
            "label": "Otherdata 0",
            "desc": "Otherdata 0"
          },
          {
            "name": "O1",
            "type": "uint16",
            "size": 1,
            "mandatory": "M",
            "label": "Otherdata 1",
            "desc": "Otherdata 1"
          },
          {
            "name": "O2",
            "type": "uint16",
            "size": 1,
            "mandatory": "M",
            "label": "Otherdata 2",
            "desc": "Otherdata 2"
          },
          {
            "name": "O3",
            "type": "uint16",
            "size": 1,
            "mandatory": "M",
            "label": "Otherdata 3",
            "desc": "Otherdata 3"
          },
          {
            "name": "O4",
            "type": "uint16",
            "size": 1,
            "mandatory": "M",
            "label": "Otherdata 4",
            "desc": "Otherdata 4"
          },
          {
            "name": "O5",
            "type": "uint16",
            "size": 1,
            "mandatory": "M",
            "label": "Otherdata 5",
            "desc": "Otherdata 5"
          },
          {
            "name": "O6",
            "type": "uint16",
            "size": 1,
            "mandatory": "M",
            "label": "Otherdata 6",
            "desc": "Otherdata 6"
          },
          {
            "name": "O7",
            "type": "uint16",
            "size": 1,
            "mandatory": "M",
            "label": "Otherdata 7",
            "desc": "Otherdata 7"
          },
          {
            "name": "O8",
            "type": "uint16",
            "size": 1,
            "mandatory": "M",
            "label": "Otherdata 8",
            "desc": "Otherdata 8"
          },
          {
            "name": "O9",
            "type": "uint16",
            "size": 1,
            "mandatory": "M",
            "label": "Otherdata 9",
            "desc": "Otherdata 9"
          },
          {
            "name": "OA",
            "type": "uint16",
            "size": 1,
            "mandatory": "M",
            "label": "Otherdata A",
            "desc": "Otherdata A"
          },
          {
            "name": "OB",
            "type": "uint16",
            "size": 1,
            "mandatory": "M",
            "label": "Otherdata B",
            "desc": "Otherdata B"
          },
          {
            "name": "OC",
            "type": "uint16",
            "size": 1,
            "mandatory": "M",
            "label": "Otherdata C",
            "desc": "Otherdata C"
          },
          {
            "name": "OD",
            "type": "uint16",
            "size": 1,
            "mandatory": "M",
            "label": "Otherdata D",
            "desc": "Otherdata D"
          },
          {
            "name": "OE",
            "type": "uint16",
            "size": 1,
            "mandatory": "M",
            "label": "Otherdata E",
            "desc": "Otherdata E"
          },
          {
            "name": "OF",
            "type": "uint16",
            "size": 1,
            "mandatory": "M",
            "label": "Otherdata F",
            "desc": "Otherdata F"
          },
          {
            "name": "OG",
            "type": "uint16",
            "size": 1,
            "mandatory": "M",
            "label": "Otherdata G",
            "desc": "Otherdata G"
          }
        ]
      }
    ]
  },
  "id": 64200
}