{
  "group": {
    "name": "model_64001",
    "type": "group",
    "label": "Veris Status and Configuration",
    "points": [
      {
        "name": "ID",
        "type": "uint16",
        "size": 1,
        "mandatory": "M",
        "static": "S",
        "label": "Model ID",
        "desc": "Model identifier",
        "value": 64001
      },
      {
        "name": "L",
        "type": "uint16",
        "size": 1,
        "mandatory": "M",
        "static": "S",
        "label": "Model Length",
        "desc": "Model length"
      },
      {
        "name": "Cmd",
        "type": "enum16",
        "size": 1,
        "access": "RW",
        "label": "Command Code"
      },
      {
        "name": "HWRev",
        "type": "uint16",
        "size": 1,
        "label": "Hardware Revision"
      },
      {
        "name": "RSFWRev",
        "type": "uint16",
        "size": 1,
        "label": "RS FW Revision"
      },
      {
        "name": "OSFWRev",
        "type": "uint16",
        "size": 1,
        "label": "OS FW Revision"
      },
      {
        "name": "ProdRev",
        "type": "string",
        "size": 2,
        "label": "Product Revision"
      },
      {
        "name": "Boots",
        "type": "uint16",
        "size": 1,
        "label": "Boot Count"
      },
      {
        "name": "Switch",
        "type": "bitfield16",
        "size": 1,
        "label": "DIP Switches"
      },
      {
        "name": "Sensors",
        "type": "uint16",
        "size": 1,
        "label": "Num Detected Sensors"
      },
      {
        "name": "Talking",
        "type": "uint16",
        "size": 1,
        "label": "Num Communicating Sensors"
      },
      {
        "name": "Status",
        "type": "bitfield16",
        "size": 1,
        "label": "System Status"
      },
      {
        "name": "Config",
        "type": "bitfield16",
        "size": 1,
        "label": "System Configuration"
      },
      {
        "name": "LEDblink",
        "type": "uint16",
        "size": 1,
        "units": "Pct",
        "label": "LED Blink Threshold"
      },
      {
        "name": "LEDon",
        "type": "uint16",
        "size": 1,
        "units": "Pct",
        "label": "LED On Threshold"
      },
      {
        "name": "Reserved",
        "type": "uint16",
        "size": 1
      },
      {
        "name": "Loc",
        "type": "string",
        "size": 16,
        "label": "Location String"
      },
      {
        "name": "S1ID",
        "type": "enum16",
        "size": 1,
        "label": "Sensor 1 Unit ID"
      },
      {
        "name": "S1Addr",
        "type": "uint16",
        "size": 1,
        "label": "Sensor 1 Address"
      },
      {
        "name": "S1OSVer",
        "type": "uint16",
        "size": 1,
        "label": "Sensor 1 OS Version"
      },
      {
        "name": "S1Ver",
        "type": "string",
        "size": 2,
        "label": "Sensor 1 Product Version"
      },
      {
        "name": "S1Serial",
        "type": "string",
        "size": 5,
        "label": "Sensor 1 Serial Num"
      },
      {
        "name": "S2ID",
        "type": "enum16",
        "size": 1,
        "label": "Sensor 2 Unit ID"
      },
      {
        "name": "S2Addr",
        "type": "uint16",
        "size": 1,
        "label": "Sensor 2 Address"
      },
      {
        "name": "S2OSVer",
        "type": "uint16",
        "size": 1,
        "label": "Sensor 2 OS Version"
      },
      {
        "name": "S2Ver",
        "type": "string",
        "size": 2,
        "label": "Sensor 2 Product Version"
      },
      {
        "name": "S2Serial",
        "type": "string",
        "size": 5,
        "label": "Sensor 2 Serial Num"
      },
      {
        "name": "S3ID",
        "type": "enum16",
        "size": 1,
        "label": "Sensor 3 Unit ID"
      },
      {
        "name": "S3Addr",
        "type": "uint16",
        "size": 1,
        "label": "Sensor 3 Address"
      },
      {
        "name": "S3OSVer",
        "type": "uint16",
        "size": 1,
        "label": "Sensor 3 OS Version"
      },
      {
        "name": "S3Ver",
        "type": "string",
        "size": 2,
        "label": "Sensor 3 Product Version"
      },
      {
        "name": "S3Serial",
        "type": "string",
        "size": 5,
        "label": "Sensor 3 Serial Num"
      },
      {
        "name": "S4ID",
        "type": "enum16",
        "size": 1,
        "label": "Sensor 4 Unit ID"
      },
      {
        "name": "S4Addr",
        "type": "uint16",
        "size": 1,
        "label": "Sensor 4 Address"
      },
      {
        "name": "S4OSVer",
        "type": "uint16",
        "size": 1,
        "label": "Sensor 4 OS Version"
      },
      {
        "name": "S4Ver",
        "type": "string",
        "size": 2,
        "label": "Sensor 4 Product Version"
      },
      {
        "name": "S4Serial",
        "type": "string",
        "size": 5,
        "label": "Sensor 4 Serial Num"
      }
    ]
  },
  "id": 64001
}