{
  "group": {
    "name": "model_64111",
    "type": "group",
    "label": "Basic Charge Controller",
    "points": [
      {
        "name": "ID",
        "type": "uint16",
        "size": 1,
        "mandatory": "M",
        "static": "S",
        "label": "Model ID",
        "desc": "Model identifier",
        "value": 64111
      },
      {
        "name": "L",
        "type": "uint16",
        "size": 1,
        "mandatory": "M",
        "static": "S",
        "label": "Model Length",
        "desc": "Model length"
      },
      {
        "name": "Port",
        "type": "uint16",
        "size": 1,
        "mandatory": "M",
        "label": "Port Number"
      },
      {
        "name": "V_SF",
        "type": "sunssf",
        "size": 1,
        "mandatory": "M"
      },
      {
        "name": "A_SF",
        "type": "sunssf",
        "size": 1,
        "mandatory": "M"
      },
      {
        "name": "P_SF",
        "type": "sunssf",
        "size": 1,
        "mandatory": "M"
      },
      {
        "name": "AH_SF",
        "type": "sunssf",
        "size": 1,
        "mandatory": "M"
      },
      {
        "name": "KWH_SF",
        "type": "sunssf",
        "size": 1,
        "mandatory": "M"
      },
      {
        "name": "BattV",
        "type": "uint16",
        "size": 1,
        "sf": "V_SF",
        "units": "V",
        "mandatory": "M",
        "label": "Battery Voltage"
      },
      {
        "name": "ArrayV",
        "type": "uint16",
        "size": 1,
        "sf": "V_SF",
        "units": "V",
        "mandatory": "M",
        "label": "Array Voltage"
      },
      {
        "name": "OutputA",
        "type": "uint16",
        "size": 1,
        "sf": "A_SF",
        "units": "A",
        "mandatory": "M",
        "label": "Output Current"
      },
      {
        "name": "InputA",
        "type": "uint16",
        "size": 1,
        "sf": "P_SF",
        "units": "A",
        "mandatory": "M",
        "label": "Array Current"
      },
      {
        "name": "ChargerSt",
        "type": "enum16",
        "size": 1,
        "mandatory": "M",
        "label": "Operating State",
        "symbols": [
          {
            "name": "Off",
            "value": 0
          },
          {
            "name": "Float",
            "value": 1
          },
          {
            "name": "Bulk",
            "value": 2
          },
          {
            "name": "Absorb",
            "value": 3
          },
          {
            "name": "EQ",
            "value": 4
          }
        ]
      },
      {
        "name": "OutputW",
        "type": "uint16",
        "size": 1,
        "sf": "P_SF",
        "units": "W",
        "mandatory": "M",
        "label": "Output Wattage"
      },
      {
        "name": "TodayMinBatV",
        "type": "uint16",
        "size": 1,
        "sf": "V_SF",
        "units": "V",
        "mandatory": "M",
        "label": "Today's Minimum Battery Voltage"
      },
      {
        "name": "TodayMaxBatV",
        "type": "uint16",
        "size": 1,
        "sf": "V_SF",
        "units": "V",
        "mandatory": "M",
        "label": "Today's Maximum Battery Voltage"
      },
      {
        "name": "VOCV",
        "type": "uint16",
        "size": 1,
        "sf": "V_SF",
        "units": "V",
        "mandatory": "M",
        "label": "VOC"
      },
      {
        "name": "TodayMaxVOC",
        "type": "uint16",
        "size": 1,
        "sf": "V_SF",
        "units": "V",
        "mandatory": "M",
        "label": "Today's Maximum VOC"
      },
      {
        "name": "TodaykWhOutput",
        "type": "uint16",
        "size": 1,
        "sf": "KWH_SF",
        "units": "kWh",
        "mandatory": "M",
        "label": "Today's kWh"
      },
      {
        "name": "TodayAHOutput",
        "type": "uint16",
        "size": 1,
        "sf": "AH_SF",
        "units": "AH",
        "mandatory": "M",
        "label": "Today's AH"
      },
      {
        "name": "LifeTimeKWHOut",
        "type": "uint16",
        "size": 1,
        "sf": "P_SF",
        "units": "kWh",
        "mandatory": "M",
        "label": "Lifetime kWh"
      },
      {
        "name": "LifeTimeAHOut",
        "type": "uint16",
        "size": 1,
        "sf": "KWH_SF",
        "units": "kAH",
        "mandatory": "M",
        "label": "Lifetime kAH"
      },
      {
        "name": "LifeTimeMaxOut",
        "type": "uint16",
        "size": 1,
        "sf": "P_SF",
        "units": "W",
        "mandatory": "M",
        "label": "Lifetime Maximum Output Wattage"
      },
      {
        "name": "LifeTimeMaxBatt",
        "type": "uint16",
        "size": 1,
        "sf": "V_SF",
        "units": "V",
        "mandatory": "M",
        "label": "Lifetime Maximum Battery Voltage"
      },
      {
        "name": "LifeTimeMaxVOC",
        "type": "uint16",
        "size": 1,
        "sf": "V_SF",
        "units": "V",
        "mandatory": "M",
        "label": "Lifetime Maximum VOC Voltage"
      }
    ]
  },
  "id": 64111
}