{
  "group": {
    "name": "model_3",
    "type": "group",
    "label": "Secure Dataset Read Request",
    "desc": "Request a digital signature over a specified set of data registers",
    "points": [
      {
        "name": "ID",
        "type": "uint16",
        "size": 1,
        "mandatory": "M",
        "static": "S",
        "label": "Model ID",
        "desc": "Model identifier",
        "value": 3
      },
      {
        "name": "L",
        "type": "uint16",
        "size": 1,
        "mandatory": "M",
        "static": "S",
        "label": "Model Length",
        "desc": "Model length"
      },
      {
        "name": "X",
        "type": "uint16",
        "size": 1,
        "access": "RW",
        "mandatory": "M",
        "label": "X",
        "desc": "Number of registers being requested"
      },
      {
        "name": "Off1",
        "type": "uint16",
        "size": 1,
        "access": "RW",
        "mandatory": "M",
        "label": "Offset1",
        "desc": "Offset of value to read"
      },
      {
        "name": "Off2",
        "type": "uint16",
        "size": 1,
        "access": "RW",
        "mandatory": "M"
      },
      {
        "name": "Off3",
        "type": "uint16",
        "size": 1,
        "access": "RW",
        "mandatory": "M"
      },
      {
        "name": "Off4",
        "type": "uint16",
        "size": 1,
        "access": "RW",
        "mandatory": "M"
      },
      {
        "name": "Off5",
        "type": "uint16",
        "size": 1,
        "access": "RW",
        "mandatory": "M"
      },
      {
        "name": "Off6",
        "type": "uint16",
        "size": 1,
        "access": "RW",
        "mandatory": "M"
      },
      {
        "name": "Off7",
        "type": "uint16",
        "size": 1,
        "access": "RW",
        "mandatory": "M"
      },
      {
        "name": "Off8",
        "type": "uint16",
        "size": 1,
        "access": "RW",
        "mandatory": "M"
      },
      {
        "name": "Off9",
        "type": "uint16",
        "size": 1,
        "access": "RW",
        "mandatory": "M"
      },
      {
        "name": "Off10",
        "type": "uint16",
        "size": 1,
        "access": "RW",
        "mandatory": "M"
      },
      {
        "name": "Off11",
        "type": "uint16",
        "size": 1,
        "access": "RW",
        "mandatory": "M"
      },
      {
        "name": "Off12",
        "type": "uint16",
        "size": 1,
        "access": "RW",
        "mandatory": "M"
      },
      {
        "name": "Off13",
        "type": "uint16",
        "size": 1,
        "access": "RW",
        "mandatory": "M"
      },
      {
        "name": "Off14",
        "type": "uint16",
        "size": 1,
        "access": "RW",
        "mandatory": "M"
      },
      {
        "name": "Off15",
        "type": "uint16",
        "size": 1,
        "access": "RW",
        "mandatory": "M"
      },
      {
        "name": "Off16",
        "type": "uint16",
        "size": 1,
        "access": "RW",
        "mandatory": "M"
      },
      {
        "name": "Off17",
        "type": "uint16",
        "size": 1,
        "access": "RW",
        "mandatory": "M"
      },
      {
        "name": "Off18",
        "type": "uint16",
        "size": 1,
        "access": "RW",
        "mandatory": "M"
      },
      {
        "name": "Off19",
        "type": "uint16",
        "size": 1,
        "access": "RW",
        "mandatory": "M"
      },
      {
        "name": "Off20",
        "type": "uint16",
        "size": 1,
        "access": "RW",
        "mandatory": "M"
      },
      {
        "name": "Off21",
        "type": "uint16",
        "size": 1,
        "access": "RW",
        "mandatory": "M"
      },
      {
        "name": "Off22",
        "type": "uint16",
        "size": 1,
        "access": "RW",
        "mandatory": "M"
      },
      {
        "name": "Off23",
        "type": "uint16",
        "size": 1,
        "access": "RW",
        "mandatory": "M"
      },
      {
        "name": "Off24",
        "type": "uint16",
        "size": 1,
        "access": "RW",
        "mandatory": "M"
      },
      {
        "name": "Off25",
        "type": "uint16",
        "size": 1,
        "access": "RW",
        "mandatory": "M"
      },
      {
        "name": "Off26",
        "type": "uint16",
        "size": 1,
        "access": "RW",
        "mandatory": "M"
      },
      {
        "name": "Off27",
        "type": "uint16",
        "size": 1,
        "access": "RW",
        "mandatory": "M"
      },
      {
        "name": "Off28",
        "type": "uint16",
        "size": 1,
        "access": "RW",
        "mandatory": "M"
      },
      {
        "name": "Off29",
        "type": "uint16",
        "size": 1,
        "access": "RW",
        "mandatory": "M"
      },
      {
        "name": "Off30",
        "type": "uint16",
        "size": 1,
        "access": "RW",
        "mandatory": "M"
      },
      {
        "name": "Off31",
        "type": "uint16",
        "size": 1,
        "access": "RW",
        "mandatory": "M"
      },
      {
        "name": "Off32",
        "type": "uint16",
        "size": 1,
        "access": "RW",
        "mandatory": "M"
      },
      {
        "name": "Off33",
        "type": "uint16",
        "size": 1,
        "access": "RW",
        "mandatory": "M"
      },
      {
        "name": "Off34",
        "type": "uint16",
        "size": 1,
        "access": "RW",
        "mandatory": "M"
      },
      {
        "name": "Off35",
        "type": "uint16",
        "size": 1,
        "access": "RW",
        "mandatory": "M"
      },
      {
        "name": "Off36",
        "type": "uint16",
        "size": 1,
        "access": "RW",
        "mandatory": "M"
      },
      {
        "name": "Off37",
        "type": "uint16",
        "size": 1,
        "access": "RW",
        "mandatory": "M"
      },
      {
        "name": "Off38",
        "type": "uint16",
        "size": 1,
        "access": "RW",
        "mandatory": "M"
      },
      {
        "name": "Off39",
        "type": "uint16",
        "size": 1,
        "access": "RW",
        "mandatory": "M"
      },
      {
        "name": "Off40",
        "type": "uint16",
        "size": 1,
        "access": "RW",
        "mandatory": "M"
      },
      {
        "name": "Off41",
        "type": "uint16",
        "size": 1,
        "access": "RW",
        "mandatory": "M"
      },
      {
        "name": "Off42",
        "type": "uint16",
        "size": 1,
        "access": "RW",
        "mandatory": "M"
      },
      {
        "name": "Off43",
        "type": "uint16",
        "size": 1,
        "access": "RW",
        "mandatory": "M"
      },
      {
        "name": "Off44",
        "type": "uint16",
        "size": 1,
        "access": "RW",
        "mandatory": "M"
      },
      {
        "name": "Off45",
        "type": "uint16",
        "size": 1,
        "access": "RW",
        "mandatory": "M"
      },
      {
        "name": "Off46",
        "type": "uint16",
        "size": 1,
        "access": "RW",
        "mandatory": "M"
      },
      {
        "name": "Off47",
        "type": "uint16",
        "size": 1,
        "access": "RW",
        "mandatory": "M"
      },
      {
        "name": "Off48",
        "type": "uint16",
        "size": 1,
        "access": "RW",
        "mandatory": "M"
      },
      {
        "name": "Off49",
        "type": "uint16",
        "size": 1,
        "access": "RW",
        "mandatory": "M"
      },
      {
        "name": "Off50",
        "type": "uint16",
        "size": 1,
        "access": "RW",
        "mandatory": "M"
      },
      {
        "name": "Ts",
        "type": "uint32",
        "size": 2,
        "access": "RW",
        "mandatory": "M",
        "label": "Timestamp",
        "desc": "Timestamp value is the number of seconds since January 1, 2000"
      },
      {
        "name": "Ms",
        "type": "uint16",
        "size": 1,
        "access": "RW",
        "mandatory": "M",
        "label": "Milliseconds",
        "desc": "Millisecond counter 0-999"
      },
      {
        "name": "Seq",
        "type": "uint16",
        "size": 1,
        "access": "RW",
        "mandatory": "M",
        "label": "Sequence",
        "desc": "Sequence number of request"
      },
      {
        "name": "Role",
        "type": "uint16",
        "size": 1,
        "access": "RW",
        "mandatory": "M",
        "label": "Role",
        "desc": "Digital Signature ID"
      },
      {
        "name": "Alg",
        "type": "enum16",
        "size": 1,
        "mandatory": "M",
        "label": "Algorithm",
        "desc": "Algorithm used to compute the digital signature",
        "symbols": [
          {
            "name": "NONE",
            "value": 0
          },
          {
            "name": "AES-GMAC-64",
            "value": 1
          },
          {
            "name": "ECC-256",
            "value": 2
          }
        ]
      },
      {
        "name": "N",
        "type": "uint16",
        "size": 1,
        "mandatory": "M",
        "label": "N",
        "desc": "Number of registers comprising the digital signature."
      }
    ],
    "groups": [
      {
        "name": "repeating",
        "type": "group",
        "count": 0,
        "points": [
          {
            "name": "DS",
            "type": "uint16",
            "size": 1,
            "mandatory": "M",
            "label": "DS",
            "desc": "Digital Signature"
          }
        ]
      }
    ]
  },
  "id": 3
}