{
  "group": {
    "name": "ac_meter",
    "type": "group",
    "label": "split single phase (ABN) meter",
    "points": [
      {
        "name": "ID",
        "type": "uint16",
        "size": 1,
        "mandatory": "M",
        "static": "S",
        "label": "Model ID",
        "desc": "Model identifier",
        "value": 202
      },
      {
        "name": "L",
        "type": "uint16",
        "size": 1,
        "mandatory": "M",
        "static": "S",
        "label": "Model Length",
        "desc": "Model length"
      },
      {
        "name": "A",
        "type": "int16",
        "size": 1,
        "sf": "A_SF",
        "units": "A",
        "mandatory": "M",
        "label": "Amps",
        "desc": "Total AC Current"
      },
      {
        "name": "AphA",
        "type": "int16",
        "size": 1,
        "sf": "A_SF",
        "units": "A",
        "label": "Amps PhaseA",
        "desc": "Phase A Current"
      },
      {
        "name": "AphB",
        "type": "int16",
        "size": 1,
        "sf": "A_SF",
        "units": "A",
        "mandatory": "M",
        "label": "Amps PhaseB",
        "desc": "Phase B Current"
      },
      {
        "name": "AphC",
        "type": "int16",
        "size": 1,
        "sf": "A_SF",
        "units": "A",
        "mandatory": "M",
        "label": "Amps PhaseC",
        "desc": "Phase C Current"
      },
      {
        "name": "A_SF",
        "type": "sunssf",
        "size": 1,
        "mandatory": "M",
        "desc": "Current scale factor"
      },
      {
        "name": "PhV",
        "type": "int16",
        "size": 1,
        "sf": "V_SF",
        "units": "V",
        "mandatory": "M",
        "label": "Voltage LN",
        "desc": "Line to Neutral AC Voltage (average of active phases)"
      },
      {
        "name": "PhVphA",
        "type": "int16",
        "size": 1,
        "sf": "V_SF",
        "units": "V",
        "mandatory": "M",
        "label": "Phase Voltage AN",
        "desc": "Phase Voltage AN"
      },
      {
        "name": "PhVphB",
        "type": "int16",
        "size": 1,
        "sf": "V_SF",
        "units": "V",
        "mandatory": "M",
        "label": "Phase Voltage BN",
        "desc": "Phase Voltage BN"
      },
      {
        "name": "PhVphC",
        "type": "int16",
        "size": 1,
        "sf": "V_SF",
        "units": "V",
        "label": "Phase Voltage CN",
        "desc": "Phase Voltage CN"
      },
      {
        "name": "PPV",
        "type": "int16",
        "size": 1,
        "sf": "V_SF",
        "units": "V",
        "mandatory": "M",
        "label": "Voltage LL",
        "desc": "Line to Line AC Voltage (average of active phases)"
      },
      {
        "name": "PhVphAB",
        "type": "int16",
        "size": 1,
        "sf": "V_SF",
        "units": "V",
        "mandatory": "M",
        "label": "Phase Voltage AB",
        "desc": "Phase Voltage AB"
      },
      {
        "name": "PhVphBC",
        "type": "int16",
        "size": 1,
        "sf": "V_SF",
        "units": "V",
        "label": "Phase Voltage BC",
        "desc": "Phase Voltage BC"
      },
      {
        "name": "PhVphCA",
        "type": "int16",
        "size": 1,
        "sf": "V_SF",
        "units": "V",
        "label": "Phase Voltage CA",
        "desc": "Phase Voltage CA"
      },
      {
        "name": "V_SF",
        "type": "sunssf",
        "size": 1,
        "mandatory": "M",
        "desc": "Voltage scale factor"
      },
      {
        "name": "Hz",
        "type": "int16",
        "size": 1,
        "sf": "Hz_SF",
        "units": "Hz",
        "mandatory": "M",
        "label": "Hz",
        "desc": "Frequency"
      },
      {
        "name": "Hz_SF",
        "type": "sunssf",
        "size": 1,
        "desc": "Frequency scale factor"
      },
      {
        "name": "W",
        "type": "int16",
        "size": 1,
        "sf": "W_SF",
        "units": "W",
        "mandatory": "M",
        "label": "Watts",
        "desc": "Total Real Power"
      },
      {
        "name": "WphA",
        "type": "int16",
        "size": 1,
        "sf": "W_SF",
        "units": "W",
        "label": "Watts phase A"
      },
      {
        "name": "WphB",
        "type": "int16",
        "size": 1,
        "sf": "W_SF",
        "units": "W",
        "label": "Watts phase B"
      },
      {
        "name": "WphC",
        "type": "int16",
        "size": 1,
        "sf": "W_SF",
        "units": "W",
        "label": "Watts phase C"
      },
      {
        "name": "W_SF",
        "type": "sunssf",
        "size": 1,
        "mandatory": "M",
        "desc": "Real Power scale factor"
      },
      {
        "name": "VA",
        "type": "int16",
        "size": 1,
        "sf": "VA_SF",
        "units": "VA",
        "label": "VA",
        "desc": "AC Apparent Power"
      },
      {
        "name": "VAphA",
        "type": "int16",
        "size": 1,
        "sf": "VA_SF",
        "units": "VA",
        "label": "VA phase A"
      },
      {
        "name": "VAphB",
        "type": "int16",
        "size": 1,
        "sf": "VA_SF",
        "units": "VA",
        "label": "VA phase B"
      },
      {
        "name": "VAphC",
        "type": "int16",
        "size": 1,
        "sf": "VA_SF",
        "units": "VA",
        "label": "VA phase C"
      },
      {
        "name": "VA_SF",
        "type": "sunssf",
        "size": 1,
        "desc": "Apparent Power scale factor"
      },
      {
        "name": "VAR",
        "type": "int16",
        "size": 1,
        "sf": "VAR_SF",
        "units": "var",
        "label": "VAR",
        "desc": "Reactive Power"
      },
      {
        "name": "VARphA",
        "type": "int16",
        "size": 1,
        "sf": "VAR_SF",
        "units": "var",
        "label": "VAR phase A"
      },
      {
        "name": "VARphB",
        "type": "int16",
        "size": 1,
        "sf": "VAR_SF",
        "units": "var",
        "label": "VAR phase B"
      },
      {
        "name": "VARphC",
        "type": "int16",
        "size": 1,
        "sf": "VAR_SF",
        "units": "var",
        "label": "VAR phase C"
      },
      {
        "name": "VAR_SF",
        "type": "sunssf",
        "size": 1,
        "desc": "Reactive Power scale factor"
      },
      {
        "name": "PF",
        "type": "int16",
        "size": 1,
        "sf": "PF_SF",
        "units": "Pct",
        "label": "PF",
        "desc": "Power Factor"
      },
      {
        "name": "PFphA",
        "type": "int16",
        "size": 1,
        "sf": "PF_SF",
        "units": "Pct",
        "label": "PF phase A"
      },
      {
        "name": "PFphB",
        "type": "int16",
        "size": 1,
        "sf": "PF_SF",
        "units": "Pct",
        "label": "PF phase B"
      },
      {
        "name": "PFphC",
        "type": "int16",
        "size": 1,
        "sf": "PF_SF",
        "units": "Pct",
        "label": "PF phase C"
      },
      {
        "name": "PF_SF",
        "type": "sunssf",
        "size": 1,
        "desc": "Power Factor scale factor"
      },
      {
        "name": "TotWhExp",
        "type": "acc32",
        "size": 2,
        "sf": "TotWh_SF",
        "units": "Wh",
        "mandatory": "M",
        "label": "Total Watt-hours Exported",
        "desc": "Total Real Energy Exported"
      },
      {
        "name": "TotWhExpPhA",
        "type": "acc32",
        "size": 2,
        "sf": "TotWh_SF",
        "units": "Wh",
        "label": "Total Watt-hours Exported phase A"
      },
      {
        "name": "TotWhExpPhB",
        "type": "acc32",
        "size": 2,
        "sf": "TotWh_SF",
        "units": "Wh",
        "label": "Total Watt-hours Exported phase B"
      },
      {
        "name": "TotWhExpPhC",
        "type": "acc32",
        "size": 2,
        "sf": "TotWh_SF",
        "units": "Wh",
        "label": "Total Watt-hours Exported phase C"
      },
      {
        "name": "TotWhImp",
        "type": "acc32",
        "size": 2,
        "sf": "TotWh_SF",
        "units": "Wh",
        "mandatory": "M",
        "label": "Total Watt-hours Imported",
        "desc": "Total Real Energy Imported"
      },
      {
        "name": "TotWhImpPhA",
        "type": "acc32",
        "size": 2,
        "sf": "TotWh_SF",
        "units": "Wh",
        "label": "Total Watt-hours Imported phase A"
      },
      {
        "name": "TotWhImpPhB",
        "type": "acc32",
        "size": 2,
        "sf": "TotWh_SF",
        "units": "Wh",
        "label": "Total Watt-hours Imported phase B"
      },
      {
        "name": "TotWhImpPhC",
        "type": "acc32",
        "size": 2,
        "sf": "TotWh_SF",
        "units": "Wh",
        "label": "Total Watt-hours Imported phase C"
      },
      {
        "name": "TotWh_SF",
        "type": "sunssf",
        "size": 1,
        "mandatory": "M",
        "desc": "Real Energy scale factor"
      },
      {
        "name": "TotVAhExp",
        "type": "acc32",
        "size": 2,
        "sf": "TotVAh_SF",
        "units": "VAh",
        "label": "Total VA-hours Exported",
        "desc": "Total Apparent Energy Exported"
      },
      {
        "name": "TotVAhExpPhA",
        "type": "acc32",
        "size": 2,
        "sf": "TotVAh_SF",
        "units": "VAh",
        "label": "Total VA-hours Exported phase A"
      },
      {
        "name": "TotVAhExpPhB",
        "type": "acc32",
        "size": 2,
        "sf": "TotVAh_SF",
        "units": "VAh",
        "label": "Total VA-hours Exported phase B"
      },
      {
        "name": "TotVAhExpPhC",
        "type": "acc32",
        "size": 2,
        "sf": "TotVAh_SF",
        "units": "VAh",
        "label": "Total VA-hours Exported phase C"
      },
      {
        "name": "TotVAhImp",
        "type": "acc32",
        "size": 2,
        "sf": "TotVAh_SF",
        "units": "VAh",
        "label": "Total VA-hours Imported",
        "desc": "Total Apparent Energy Imported"
      },
      {
        "name": "TotVAhImpPhA",
        "type": "acc32",
        "size": 2,
        "sf": "TotVAh_SF",
        "units": "VAh",
        "label": "Total VA-hours Imported phase A"
      },
      {
        "name": "TotVAhImpPhB",
        "type": "acc32",
        "size": 2,
        "sf": "TotVAh_SF",
        "units": "VAh",
        "label": "Total VA-hours Imported phase B"
      },
      {
        "name": "TotVAhImpPhC",
        "type": "acc32",
        "size": 2,
        "sf": "TotVAh_SF",
        "units": "VAh",
        "label": "Total VA-hours Imported phase C"
      },
      {
        "name": "TotVAh_SF",
        "type": "sunssf",
        "size": 1,
        "desc": "Apparent Energy scale factor"
      },
      {
        "name": "TotVArhImpQ1",
        "type": "acc32",
        "size": 2,
        "sf": "TotVArh_SF",
        "units": "varh",
        "label": "Total VAR-hours Imported Q1",
        "desc": "Total Reactive Energy Imported Quadrant 1"
      },
      {
        "name": "TotVArhImpQ1PhA",
        "type": "acc32",
        "size": 2,
        "sf": "TotVArh_SF",
        "units": "varh",
        "label": "Total VAr-hours Imported Q1 phase A"
      },
      {
        "name": "TotVArhImpQ1PhB",
        "type": "acc32",
        "size": 2,
        "sf": "TotVArh_SF",
        "units": "varh",
        "label": "Total VAr-hours Imported Q1 phase B"
      },
      {
        "name": "TotVArhImpQ1PhC",
        "type": "acc32",
        "size": 2,
        "sf": "TotVArh_SF",
        "units": "varh",
        "label": "Total VAr-hours Imported Q1 phase C"
      },
      {
        "name": "TotVArhImpQ2",
        "type": "acc32",
        "size": 2,
        "sf": "TotVArh_SF",
        "units": "varh",
        "label": "Total VAr-hours Imported Q2",
        "desc": "Total Reactive Power Imported Quadrant 2"
      },
      {
        "name": "TotVArhImpQ2PhA",
        "type": "acc32",
        "size": 2,
        "sf": "TotVArh_SF",
        "units": "varh",
        "label": "Total VAr-hours Imported Q2 phase A"
      },
      {
        "name": "TotVArhImpQ2PhB",
        "type": "acc32",
        "size": 2,
        "sf": "TotVArh_SF",
        "units": "varh",
        "label": "Total VAr-hours Imported Q2 phase B"
      },
      {
        "name": "TotVArhImpQ2PhC",
        "type": "acc32",
        "size": 2,
        "sf": "TotVArh_SF",
        "units": "varh",
        "label": "Total VAr-hours Imported Q2 phase C"
      },
      {
        "name": "TotVArhExpQ3",
        "type": "acc32",
        "size": 2,
        "sf": "TotVArh_SF",
        "units": "varh",
        "label": "Total VAr-hours Exported Q3",
        "desc": "Total Reactive Power Exported Quadrant 3"
      },
      {
        "name": "TotVArhExpQ3PhA",
        "type": "acc32",
        "size": 2,
        "sf": "TotVArh_SF",
        "units": "varh",
        "label": "Total VAr-hours Exported Q3 phase A"
      },
      {
        "name": "TotVArhExpQ3PhB",
        "type": "acc32",
        "size": 2,
        "sf": "TotVArh_SF",
        "units": "varh",
        "label": "Total VAr-hours Exported Q3 phase B"
      },
      {
        "name": "TotVArhExpQ3PhC",
        "type": "acc32",
        "size": 2,
        "sf": "TotVArh_SF",
        "units": "varh",
        "label": "Total VAr-hours Exported Q3 phase C"
      },
      {
        "name": "TotVArhExpQ4",
        "type": "acc32",
        "size": 2,
        "sf": "TotVArh_SF",
        "units": "varh",
        "label": "Total VAr-hours Exported Q4",
        "desc": "Total Reactive Power Exported Quadrant 4"
      },
      {
        "name": "TotVArhExpQ4PhA",
        "type": "acc32",
        "size": 2,
        "sf": "TotVArh_SF",
        "units": "varh",
        "label": "Total VAr-hours Exported Q4 Imported phase A"
      },
      {
        "name": "TotVArhExpQ4PhB",
        "type": "acc32",
        "size": 2,
        "sf": "TotVArh_SF",
        "units": "varh",
        "label": "Total VAr-hours Exported Q4 Imported phase B"
      },
      {
        "name": "TotVArhExpQ4PhC",
        "type": "acc32",
        "size": 2,
        "sf": "TotVArh_SF",
        "units": "varh",
        "label": "Total VAr-hours Exported Q4 Imported phase C"
      },
      {
        "name": "TotVArh_SF",
        "type": "sunssf",
        "size": 1,
        "desc": "Reactive Energy scale factor"
      },
      {
        "name": "Evt",
        "type": "bitfield32",
        "size": 2,
        "mandatory": "M",
        "label": "Events",
        "desc": "Meter Event Flags",
        "symbols": [
          {
            "name": "M_EVENT_Power_Failure",
            "value": 2
          },
          {
            "name": "M_EVENT_Under_Voltage",
            "value": 3
          },
          {
            "name": "M_EVENT_Low_PF",
            "value": 4
          },
          {
            "name": "M_EVENT_Over_Current",
            "value": 5
          },
          {
            "name": "M_EVENT_Over_Voltage",
            "value": 6
          },
          {
            "name": "M_EVENT_Missing_Sensor",
            "value": 7
          },
          {
            "name": "M_EVENT_Reserved1",
            "value": 8
          },
          {
            "name": "M_EVENT_Reserved2",
            "value": 9
          },
          {
            "name": "M_EVENT_Reserved3",
            "value": 10
          },
          {
            "name": "M_EVENT_Reserved4",
            "value": 11
          },
          {
            "name": "M_EVENT_Reserved5",
            "value": 12
          },
          {
            "name": "M_EVENT_Reserved6",
            "value": 13
          },
          {
            "name": "M_EVENT_Reserved7",
            "value": 14
          },
          {
            "name": "M_EVENT_Reserved8",
            "value": 15
          },
          {
            "name": "M_EVENT_OEM01",
            "value": 16
          },
          {
            "name": "M_EVENT_OEM02",
            "value": 17
          },
          {
            "name": "M_EVENT_OEM03",
            "value": 18
          },
          {
            "name": "M_EVENT_OEM04",
            "value": 19
          },
          {
            "name": "M_EVENT_OEM05",
            "value": 20
          },
          {
            "name": "M_EVENT_OEM06",
            "value": 21
          },
          {
            "name": "M_EVENT_OEM07",
            "value": 22
          },
          {
            "name": "M_EVENT_OEM08",
            "value": 23
          },
          {
            "name": "M_EVENT_OEM09",
            "value": 24
          },
          {
            "name": "M_EVENT_OEM10",
            "value": 25
          },
          {
            "name": "M_EVENT_OEM11",
            "value": 26
          },
          {
            "name": "M_EVENT_OEM12",
            "value": 27
          },
          {
            "name": "M_EVENT_OEM13",
            "value": 28
          },
          {
            "name": "M_EVENT_OEM14",
            "value": 29
          },
          {
            "name": "M_EVENT_OEM15",
            "value": 30
          }
        ]
      }
    ]
  },
  "id": 202
}