{
  "group": {
    "name": "nameplate",
    "type": "group",
    "label": "Nameplate",
    "desc": "Inverter Controls Nameplate Ratings ",
    "points": [
      {
        "name": "ID",
        "type": "uint16",
        "size": 1,
        "mandatory": "M",
        "static": "S",
        "label": "Model ID",
        "desc": "Model identifier",
        "value": 120
      },
      {
        "name": "L",
        "type": "uint16",
        "size": 1,
        "mandatory": "M",
        "static": "S",
        "label": "Model Length",
        "desc": "Model length"
      },
      {
        "name": "DERTyp",
        "type": "enum16",
        "size": 1,
        "mandatory": "M",
        "label": "DERTyp",
        "desc": "Type of DER device. Default value is 4 to indicate PV device.",
        "symbols": [
          {
            "name": "PV",
            "value": 4
          },
          {
            "name": "PV_STOR",
            "value": 82
          }
        ]
      },
      {
        "name": "WRtg",
        "type": "uint16",
        "size": 1,
        "sf": "WRtg_SF",
        "units": "W",
        "mandatory": "M",
        "label": "WRtg",
        "desc": "Continuous power output capability of the inverter."
      },
      {
        "name": "WRtg_SF",
        "type": "sunssf",
        "size": 1,
        "mandatory": "M",
        "label": "WRtg_SF",
        "desc": "Scale factor"
      },
      {
        "name": "VARtg",
        "type": "uint16",
        "size": 1,
        "sf": "VARtg_SF",
        "units": "VA",
        "mandatory": "M",
        "label": "VARtg",
        "desc": "Continuous Volt-Ampere capability of the inverter."
      },
      {
        "name": "VARtg_SF",
        "type": "sunssf",
        "size": 1,
        "mandatory": "M",
        "label": "VARtg_SF",
        "desc": "Scale factor"
      },
      {
        "name": "VArRtgQ1",
        "type": "int16",
        "size": 1,
        "sf": "VArRtg_SF",
        "units": "var",
        "mandatory": "M",
        "label": "VArRtgQ1",
        "desc": "Continuous VAR capability of the inverter in quadrant 1."
      },
      {
        "name": "VArRtgQ2",
        "type": "int16",
        "size": 1,
        "sf": "VArRtg_SF",
        "units": "var",
        "mandatory": "M",
        "label": "VArRtgQ2",
        "desc": "Continuous VAR capability of the inverter in quadrant 2."
      },
      {
        "name": "VArRtgQ3",
        "type": "int16",
        "size": 1,
        "sf": "VArRtg_SF",
        "units": "var",
        "mandatory": "M",
        "label": "VArRtgQ3",
        "desc": "Continuous VAR capability of the inverter in quadrant 3."
      },
      {
        "name": "VArRtgQ4",
        "type": "int16",
        "size": 1,
        "sf": "VArRtg_SF",
        "units": "var",
        "mandatory": "M",
        "label": "VArRtgQ4",
        "desc": "Continuous VAR capability of the inverter in quadrant 4."
      },
      {
        "name": "VArRtg_SF",
        "type": "sunssf",
        "size": 1,
        "mandatory": "M",
        "label": "VArRtg_SF",
        "desc": "Scale factor"
      },
      {
        "name": "ARtg",
        "type": "uint16",
        "size": 1,
        "sf": "ARtg_SF",
        "units": "A",
        "mandatory": "M",
        "label": "ARtg",
        "desc": "Maximum RMS AC current level capability of the inverter."
      },
      {
        "name": "ARtg_SF",
        "type": "sunssf",
        "size": 1,
        "mandatory": "M",
        "label": "ARtg_SF",
        "desc": "Scale factor"
      },
      {
        "name": "PFRtgQ1",
        "type": "int16",
        "size": 1,
        "sf": "PFRtg_SF",
        "units": "cos()",
        "mandatory": "M",
        "label": "PFRtgQ1",
        "desc": "Minimum power factor capability of the inverter in quadrant 1."
      },
      {
        "name": "PFRtgQ2",
        "type": "int16",
        "size": 1,
        "sf": "PFRtg_SF",
        "units": "cos()",
        "mandatory": "M",
        "label": "PFRtgQ2",
        "desc": "Minimum power factor capability of the inverter in quadrant 2."
      },
      {
        "name": "PFRtgQ3",
        "type": "int16",
        "size": 1,
        "sf": "PFRtg_SF",
        "units": "cos()",
        "mandatory": "M",
        "label": "PFRtgQ3",
        "desc": "Minimum power factor capability of the inverter in quadrant 3."
      },
      {
        "name": "PFRtgQ4",
        "type": "int16",
        "size": 1,
        "sf": "PFRtg_SF",
        "units": "cos()",
        "mandatory": "M",
        "label": "PFRtgQ4",
        "desc": "Minimum power factor capability of the inverter in quadrant 4."
      },
      {
        "name": "PFRtg_SF",
        "type": "sunssf",
        "size": 1,
        "mandatory": "M",
        "label": "PFRtg_SF",
        "desc": "Scale factor"
      },
      {
        "name": "WHRtg",
        "type": "uint16",
        "size": 1,
        "sf": "WHRtg_SF",
        "units": "Wh",
        "label": "WHRtg",
        "desc": "Nominal energy rating of storage device."
      },
      {
        "name": "WHRtg_SF",
        "type": "sunssf",
        "size": 1,
        "label": "WHRtg_SF",
        "desc": "Scale factor"
      },
      {
        "name": "AhrRtg",
        "type": "uint16",
        "size": 1,
        "sf": "AhrRtg_SF",
        "units": "AH",
        "label": "AhrRtg",
        "desc": "The usable capacity of the battery.  Maximum charge minus minimum charge from a technology capability perspective (Amp-hour capacity rating)."
      },
      {
        "name": "AhrRtg_SF",
        "type": "sunssf",
        "size": 1,
        "label": "AhrRtg_SF",
        "desc": "Scale factor for amp-hour rating."
      },
      {
        "name": "MaxChaRte",
        "type": "uint16",
        "size": 1,
        "sf": "MaxChaRte_SF",
        "units": "W",
        "label": "MaxChaRte",
        "desc": "Maximum rate of energy transfer into the storage device."
      },
      {
        "name": "MaxChaRte_SF",
        "type": "sunssf",
        "size": 1,
        "label": "MaxChaRte_SF",
        "desc": "Scale factor"
      },
      {
        "name": "MaxDisChaRte",
        "type": "uint16",
        "size": 1,
        "sf": "MaxDisChaRte_SF",
        "units": "W",
        "label": "MaxDisChaRte",
        "desc": "Maximum rate of energy transfer out of the storage device."
      },
      {
        "name": "MaxDisChaRte_SF",
        "type": "sunssf",
        "size": 1,
        "label": "MaxDisChaRte_SF",
        "desc": "Scale factor"
      },
      {
        "name": "Pad",
        "type": "pad",
        "size": 1,
        "label": "Pad",
        "desc": "Pad register."
      }
    ]
  },
  "id": 120
}