{
  "group": {
    "name": "REbus_arb",
    "type": "group",
    "label": "Generac Inverter Arbitrage Control",
    "desc": "Power control model for PWRcell",
    "points": [
      {
        "name": "ID",
        "type": "uint16",
        "size": 1,
        "mandatory": "M",
        "static": "S",
        "label": "Model ID",
        "desc": "Model identifier",
        "value": 64202
      },
      {
        "name": "L",
        "type": "uint16",
        "size": 1,
        "mandatory": "M",
        "static": "S",
        "label": "Model Length",
        "desc": "Model length"
      },
      {
        "name": "SysMd",
        "type": "enum16",
        "size": 1,
        "mandatory": "M",
        "label": "System Operating Mode",
        "desc": "System operating mode",
        "symbols": [
          {
            "name": "SAFETY_SHUTDOWN",
            "value": 0
          },
          {
            "name": "GRID_CONNECT",
            "value": 1
          },
          {
            "name": "SELF_SUPPLY",
            "value": 2
          },
          {
            "name": "CLEAN_BACKUP",
            "value": 3
          },
          {
            "name": "PRIORITY_BACKUP",
            "value": 4
          },
          {
            "name": "ARBITRAGE",
            "value": 5
          }
        ]
      },
      {
        "name": "PMax",
        "type": "uint16",
        "size": 1,
        "sf": "PQMax_SF",
        "mandatory": "M",
        "label": "Max real power",
        "desc": "Maximum real power magnitude"
      },
      {
        "name": "QMax",
        "type": "uint16",
        "size": 1,
        "sf": "PQMax_SF",
        "mandatory": "M",
        "label": "Max reactive power",
        "desc": "Maximum reactive power magnitude"
      },
      {
        "name": "PMaxLimPct",
        "type": "int16",
        "size": 1,
        "sf": "PQLimPct_SF",
        "access": "RW",
        "mandatory": "M",
        "label": "Real power target",
        "desc": "target real power - -100.0% to +100.0% of PMax"
      },
      {
        "name": "QMaxLimPct",
        "type": "int16",
        "size": 1,
        "sf": "PQLimPct_SF",
        "access": "RW",
        "mandatory": "M",
        "label": "Reactive power target",
        "desc": "target reactive power - -100.0% to +100.0% of QMax"
      },
      {
        "name": "PQGra",
        "type": "uint16",
        "size": 1,
        "sf": "PQGra_SF",
        "access": "RW",
        "mandatory": "M",
        "label": "Ramp rate",
        "desc": "ramp rate for slewing power to target"
      },
      {
        "name": "PQMax_SF",
        "type": "sunssf",
        "size": 1,
        "mandatory": "M",
        "label": "PQMax_SF",
        "desc": "scale factor for max power"
      },
      {
        "name": "PQLimPct_SF",
        "type": "sunssf",
        "size": 1,
        "mandatory": "M",
        "label": "PQLimPct_SF",
        "desc": "scale factor for target power percentages"
      },
      {
        "name": "PQGra_SF",
        "type": "sunssf",
        "size": 1,
        "mandatory": "M",
        "label": "PQGra_SF",
        "desc": "scale factor for ramp rate"
      },
      {
        "name": "CtlPr",
        "type": "enum16",
        "size": 1,
        "access": "RW",
        "mandatory": "M",
        "label": "Control priority",
        "desc": "set control priority to real or reactive target",
        "symbols": [
          {
            "name": "REAL",
            "value": 0
          },
          {
            "name": "REACTIVE",
            "value": 1
          }
        ]
      },
      {
        "name": "PQSet_Ena",
        "type": "enum16",
        "size": 1,
        "access": "RW",
        "mandatory": "M",
        "label": "Enable arbitrage control",
        "desc": "activate PQ control settings",
        "symbols": [
          {
            "name": "DISABLE",
            "value": 0
          },
          {
            "name": "ENABLE",
            "value": 1
          },
          {
            "name": "UPDATE",
            "value": 2
          },
          {
            "name": "ENABLE_LATCHED",
            "value": 3
          }
        ]
      },
      {
        "name": "Conn",
        "type": "enum16",
        "size": 1,
        "access": "RW",
        "mandatory": "M",
        "label": "Connect",
        "desc": "enable/disable inverter",
        "symbols": [
          {
            "name": "DISCONNECT",
            "value": 0
          },
          {
            "name": "CONNECT",
            "value": 1
          }
        ]
      }
    ]
  },
  "id": 64202
}