{
  "group": {
    "name": "model_8",
    "type": "group",
    "label": "Get Device Security Certificate",
    "desc": "Security model for PKI",
    "points": [
      {
        "name": "ID",
        "type": "uint16",
        "size": 1,
        "mandatory": "M",
        "static": "S",
        "label": "Model ID",
        "desc": "Model identifier",
        "value": 8
      },
      {
        "name": "L",
        "type": "uint16",
        "size": 1,
        "mandatory": "M",
        "static": "S",
        "label": "Model Length",
        "desc": "Model length"
      },
      {
        "name": "Fmt",
        "type": "enum16",
        "size": 1,
        "mandatory": "M",
        "label": "Format",
        "desc": "X.509 format of the certificate. DER or PEM.",
        "symbols": [
          {
            "name": "NONE",
            "value": 0
          },
          {
            "name": "X509_PEM",
            "value": 1
          },
          {
            "name": "X509_DER",
            "value": 2
          }
        ]
      },
      {
        "name": "N",
        "type": "uint16",
        "size": 1,
        "mandatory": "M",
        "label": "N",
        "desc": "Number of registers to follow for the certificate"
      }
    ],
    "groups": [
      {
        "name": "repeating",
        "type": "group",
        "count": 0,
        "points": [
          {
            "name": "Cert",
            "type": "uint16",
            "size": 1,
            "mandatory": "M",
            "label": "Cert",
            "desc": "X.509 Certificate of the device"
          }
        ]
      }
    ]
  },
  "id": 8
}