{
  "group": {
    "name": "aggregator",
    "type": "group",
    "label": "Basic Aggregator",
    "desc": "Aggregates a collection of models for a given model id",
    "points": [
      {
        "name": "ID",
        "type": "uint16",
        "size": 1,
        "mandatory": "M",
        "static": "S",
        "label": "Model ID",
        "desc": "Model identifier",
        "value": 2
      },
      {
        "name": "L",
        "type": "uint16",
        "size": 1,
        "mandatory": "M",
        "static": "S",
        "label": "Model Length",
        "desc": "Model length"
      },
      {
        "name": "AID",
        "type": "uint16",
        "size": 1,
        "mandatory": "M",
        "label": "AID",
        "desc": "Aggregated model id"
      },
      {
        "name": "N",
        "type": "uint16",
        "size": 1,
        "mandatory": "M",
        "label": "N",
        "desc": "Number of aggregated models"
      },
      {
        "name": "UN",
        "type": "uint16",
        "size": 1,
        "mandatory": "M",
        "label": "UN",
        "desc": "Update Number.  Incrementing number each time the mapping is changed.  If the number is not changed from the last reading the direct access to a specific offset will result in reading the same logical model as before.  Otherwise the entire model must be read to refresh the changes"
      },
      {
        "name": "St",
        "type": "enum16",
        "size": 1,
        "mandatory": "M",
        "label": "Status",
        "desc": "Enumerated status code",
        "symbols": [
          {
            "name": "OFF",
            "value": 1
          },
          {
            "name": "ON",
            "value": 2
          },
          {
            "name": "FULL",
            "value": 3
          },
          {
            "name": "FAULT",
            "value": 4
          }
        ]
      },
      {
        "name": "StVnd",
        "type": "enum16",
        "size": 1,
        "label": "Vendor Status",
        "desc": "Vendor specific status code"
      },
      {
        "name": "Evt",
        "type": "bitfield32",
        "size": 2,
        "mandatory": "M",
        "label": "Event Code",
        "desc": "Bitmask event code",
        "symbols": [
          {
            "name": "GROUND_FAULT",
            "value": 0
          },
          {
            "name": "INPUT_OVER_VOLTAGE",
            "value": 1
          },
          {
            "name": "RESERVED_2",
            "value": 2
          },
          {
            "name": "DC_DISCONNECT",
            "value": 3
          },
          {
            "name": "RESERVED_4",
            "value": 4
          },
          {
            "name": "RESERVED_5",
            "value": 5
          },
          {
            "name": "MANUAL_SHUTDOWN",
            "value": 6
          },
          {
            "name": "OVER_TEMPERATURE",
            "value": 7
          },
          {
            "name": "RESERVED_8",
            "value": 8
          },
          {
            "name": "RESERVED_9",
            "value": 9
          },
          {
            "name": "RESERVED_10",
            "value": 10
          },
          {
            "name": "RESERVED_11",
            "value": 11
          },
          {
            "name": "BLOWN_FUSE",
            "value": 12
          },
          {
            "name": "UNDER_TEMPERATURE",
            "value": 13
          },
          {
            "name": "MEMORY_LOSS",
            "value": 14
          },
          {
            "name": "ARC_DETECTION",
            "value": 15
          },
          {
            "name": "THEFT_DETECTION",
            "value": 16
          },
          {
            "name": "OUTPUT_OVER_CURRENT",
            "value": 17
          },
          {
            "name": "OUTPUT_OVER_VOLTAGE",
            "value": 18
          },
          {
            "name": "OUTPUT_UNDER_VOLTAGE",
            "value": 19
          },
          {
            "name": "TEST_FAILED",
            "value": 20
          }
        ]
      },
      {
        "name": "EvtVnd",
        "type": "bitfield32",
        "size": 2,
        "label": "Vendor Event Code",
        "desc": "Vendor specific event code"
      },
      {
        "name": "Ctl",
        "type": "enum16",
        "size": 1,
        "label": "Control",
        "desc": "Control register for all aggregated devices",
        "symbols": [
          {
            "name": "NONE",
            "value": 0
          },
          {
            "name": "AUTOMATIC",
            "value": 1
          },
          {
            "name": "FORCE_OFF",
            "value": 2
          },
          {
            "name": "TEST",
            "value": 3
          },
          {
            "name": "THROTTLE",
            "value": 4
          }
        ]
      },
      {
        "name": "CtlVnd",
        "type": "enum32",
        "size": 2,
        "label": "Vendor Control",
        "desc": "Vendor control register for all aggregated devices"
      },
      {
        "name": "CtlVl",
        "type": "enum32",
        "size": 2,
        "label": "Control Value",
        "desc": "Numerical value used as a parameter to the control"
      }
    ]
  },
  "id": 2
}