{
  "group": {
    "name": "model_7",
    "type": "group",
    "label": "Secure Write Response Model (DRAFT 1)",
    "desc": "Include a digital signature over the response",
    "points": [
      {
        "name": "ID",
        "type": "uint16",
        "size": 1,
        "mandatory": "M",
        "static": "S",
        "label": "Model ID",
        "desc": "Model identifier",
        "value": 7
      },
      {
        "name": "L",
        "type": "uint16",
        "size": 1,
        "mandatory": "M",
        "static": "S",
        "label": "Model Length",
        "desc": "Model length"
      },
      {
        "name": "RqSeq",
        "type": "uint16",
        "size": 1,
        "mandatory": "M",
        "label": "Request Sequence",
        "desc": "Sequence number from the request"
      },
      {
        "name": "Sts",
        "type": "enum16",
        "size": 1,
        "mandatory": "M",
        "label": "Status",
        "desc": "Status of last write operation",
        "symbols": [
          {
            "name": "SUCCESS",
            "value": 0
          },
          {
            "name": "DS",
            "value": 1
          },
          {
            "name": "ACL",
            "value": 2
          },
          {
            "name": "OFF",
            "value": 3
          },
          {
            "name": "VAL",
            "value": 4
          }
        ]
      },
      {
        "name": "Ts",
        "type": "uint32",
        "size": 2,
        "mandatory": "M",
        "label": "Timestamp",
        "desc": "Timestamp value is the number of seconds since January 1, 2000"
      },
      {
        "name": "Ms",
        "type": "uint16",
        "size": 1,
        "mandatory": "M",
        "label": "Milliseconds",
        "desc": "Millisecond counter 0-999"
      },
      {
        "name": "Seq",
        "type": "uint16",
        "size": 1,
        "mandatory": "M",
        "label": "Sequence",
        "desc": "Sequence number of response"
      },
      {
        "name": "Alm",
        "type": "enum16",
        "size": 1,
        "mandatory": "M",
        "label": "Alarm",
        "desc": "Bitmask alarm code",
        "symbols": [
          {
            "name": "NONE",
            "value": 0
          },
          {
            "name": "ALM",
            "value": 1
          }
        ]
      },
      {
        "name": "Rsrvd",
        "type": "pad",
        "size": 1,
        "mandatory": "M"
      },
      {
        "name": "Alg",
        "type": "enum16",
        "size": 1,
        "mandatory": "M",
        "label": "Algorithm",
        "desc": "Algorithm used to compute the digital signature",
        "symbols": [
          {
            "name": "NONE",
            "value": 0
          },
          {
            "name": "AES-GMAC-64",
            "value": 1
          },
          {
            "name": "ECC-256",
            "value": 2
          }
        ]
      },
      {
        "name": "N",
        "type": "uint16",
        "size": 1,
        "access": "RW",
        "mandatory": "M",
        "label": "N",
        "desc": "Number of registers comprising the digital signature."
      }
    ],
    "groups": [
      {
        "name": "repeating",
        "type": "group",
        "count": 0,
        "points": [
          {
            "name": "DS",
            "type": "uint16",
            "size": 1,
            "access": "RW",
            "mandatory": "M",
            "label": "DS",
            "desc": "Digital Signature"
          }
        ]
      }
    ]
  },
  "id": 7
}