{
  "group": {
    "name": "storage",
    "type": "group",
    "label": "Energy Storage Base Model (DEPRECATED)",
    "desc": "This model has been deprecated.",
    "points": [
      {
        "name": "ID",
        "type": "uint16",
        "size": 1,
        "mandatory": "M",
        "static": "S",
        "label": "Model ID",
        "desc": "Model identifier",
        "value": 801
      },
      {
        "name": "L",
        "type": "uint16",
        "size": 1,
        "mandatory": "M",
        "static": "S",
        "label": "Model Length",
        "desc": "Model length"
      },
      {
        "name": "DEPRECATED",
        "type": "enum16",
        "size": 1,
        "mandatory": "M",
        "label": "Deprecated Model",
        "desc": "This model has been deprecated."
      }
    ]
  },
  "id": 801
}