{
  "group": {
    "name": "storage",
    "type": "group",
    "label": "Storage",
    "desc": "Basic Storage Controls ",
    "points": [
      {
        "name": "ID",
        "type": "uint16",
        "size": 1,
        "mandatory": "M",
        "static": "S",
        "label": "Model ID",
        "desc": "Model identifier",
        "value": 124
      },
      {
        "name": "L",
        "type": "uint16",
        "size": 1,
        "mandatory": "M",
        "static": "S",
        "label": "Model Length",
        "desc": "Model length"
      },
      {
        "name": "WChaMax",
        "type": "uint16",
        "size": 1,
        "sf": "WChaMax_SF",
        "units": "W",
        "access": "RW",
        "mandatory": "M",
        "label": "WChaMax",
        "desc": "Setpoint for maximum charge."
      },
      {
        "name": "WChaGra",
        "type": "uint16",
        "size": 1,
        "sf": "WChaDisChaGra_SF",
        "units": "%WChaMax/sec",
        "access": "RW",
        "mandatory": "M",
        "label": "WChaGra",
        "desc": "Setpoint for maximum charging rate. Default is MaxChaRte."
      },
      {
        "name": "WDisChaGra",
        "type": "uint16",
        "size": 1,
        "sf": "WChaDisChaGra_SF",
        "units": "%WChaMax/sec",
        "access": "RW",
        "mandatory": "M",
        "label": "WDisChaGra",
        "desc": "Setpoint for maximum discharge rate. Default is MaxDisChaRte."
      },
      {
        "name": "StorCtl_Mod",
        "type": "bitfield16",
        "size": 1,
        "access": "RW",
        "mandatory": "M",
        "label": "StorCtl_Mod",
        "desc": "Activate hold/discharge/charge storage control mode. Bitfield value.",
        "symbols": [
          {
            "name": "CHARGE",
            "value": 0
          },
          {
            "name": "DiSCHARGE",
            "value": 1
          }
        ]
      },
      {
        "name": "VAChaMax",
        "type": "uint16",
        "size": 1,
        "sf": "VAChaMax_SF",
        "units": "VA",
        "access": "RW",
        "label": "VAChaMax",
        "desc": "Setpoint for maximum charging VA."
      },
      {
        "name": "MinRsvPct",
        "type": "uint16",
        "size": 1,
        "sf": "MinRsvPct_SF",
        "units": "%WChaMax",
        "access": "RW",
        "label": "MinRsvPct",
        "desc": "Setpoint for minimum reserve for storage as a percentage of the nominal maximum storage."
      },
      {
        "name": "ChaState",
        "type": "uint16",
        "size": 1,
        "sf": "ChaState_SF",
        "units": "%AhrRtg",
        "label": "ChaState",
        "desc": "Currently available energy as a percent of the capacity rating."
      },
      {
        "name": "StorAval",
        "type": "uint16",
        "size": 1,
        "sf": "StorAval_SF",
        "units": "AH",
        "label": "StorAval",
        "desc": "State of charge (ChaState) minus storage reserve (MinRsvPct) times capacity rating (AhrRtg)."
      },
      {
        "name": "InBatV",
        "type": "uint16",
        "size": 1,
        "sf": "InBatV_SF",
        "units": "V",
        "label": "InBatV",
        "desc": "Internal battery voltage."
      },
      {
        "name": "ChaSt",
        "type": "enum16",
        "size": 1,
        "label": "ChaSt",
        "desc": "Charge status of storage device. Enumerated value.",
        "symbols": [
          {
            "name": "OFF",
            "value": 1
          },
          {
            "name": "EMPTY",
            "value": 2
          },
          {
            "name": "DISCHARGING",
            "value": 3
          },
          {
            "name": "CHARGING",
            "value": 4
          },
          {
            "name": "FULL",
            "value": 5
          },
          {
            "name": "HOLDING",
            "value": 6
          },
          {
            "name": "TESTING",
            "value": 7
          }
        ]
      },
      {
        "name": "OutWRte",
        "type": "int16",
        "size": 1,
        "sf": "InOutWRte_SF",
        "units": "%WDisChaMax",
        "access": "RW",
        "label": "OutWRte",
        "desc": "Percent of max discharge rate."
      },
      {
        "name": "InWRte",
        "type": "int16",
        "size": 1,
        "sf": "InOutWRte_SF",
        "units": " % WChaMax",
        "access": "RW",
        "label": "InWRte",
        "desc": "Percent of max charging rate."
      },
      {
        "name": "InOutWRte_WinTms",
        "type": "uint16",
        "size": 1,
        "units": "Secs",
        "access": "RW",
        "label": "InOutWRte_WinTms",
        "desc": "Time window for charge/discharge rate change."
      },
      {
        "name": "InOutWRte_RvrtTms",
        "type": "uint16",
        "size": 1,
        "units": "Secs",
        "access": "RW",
        "label": "InOutWRte_RvrtTms",
        "desc": "Timeout period for charge/discharge rate."
      },
      {
        "name": "InOutWRte_RmpTms",
        "type": "uint16",
        "size": 1,
        "units": "Secs",
        "access": "RW",
        "label": "InOutWRte_RmpTms",
        "desc": "Ramp time for moving from current setpoint to new setpoint."
      },
      {
        "name": "ChaGriSet",
        "type": "enum16",
        "size": 1,
        "access": "RW",
        "symbols": [
          {
            "name": "PV",
            "value": 0
          },
          {
            "name": "GRID",
            "value": 1
          }
        ]
      },
      {
        "name": "WChaMax_SF",
        "type": "sunssf",
        "size": 1,
        "mandatory": "M",
        "label": "WChaMax_SF",
        "desc": "Scale factor for maximum charge."
      },
      {
        "name": "WChaDisChaGra_SF",
        "type": "sunssf",
        "size": 1,
        "mandatory": "M",
        "label": "WChaDisChaGra_SF",
        "desc": "Scale factor for maximum charge and discharge rate."
      },
      {
        "name": "VAChaMax_SF",
        "type": "sunssf",
        "size": 1,
        "label": "VAChaMax_SF",
        "desc": "Scale factor for maximum charging VA."
      },
      {
        "name": "MinRsvPct_SF",
        "type": "sunssf",
        "size": 1,
        "label": "MinRsvPct_SF",
        "desc": "Scale factor for minimum reserve percentage."
      },
      {
        "name": "ChaState_SF",
        "type": "sunssf",
        "size": 1,
        "label": "ChaState_SF",
        "desc": "Scale factor for available energy percent."
      },
      {
        "name": "StorAval_SF",
        "type": "sunssf",
        "size": 1,
        "label": "StorAval_SF",
        "desc": "Scale factor for state of charge."
      },
      {
        "name": "InBatV_SF",
        "type": "sunssf",
        "size": 1,
        "label": "InBatV_SF",
        "desc": "Scale factor for battery voltage."
      },
      {
        "name": "InOutWRte_SF",
        "type": "sunssf",
        "size": 1,
        "label": "InOutWRte_SF",
        "desc": "Scale factor for percent charge/discharge rate."
      }
    ]
  },
  "id": 124
}