{
  "group": {
    "name": "base_met",
    "type": "group",
    "label": "Base Met",
    "desc": "Base Meteorological Model",
    "points": [
      {
        "name": "ID",
        "type": "uint16",
        "size": 1,
        "mandatory": "M",
        "static": "S",
        "label": "Model ID",
        "desc": "Model identifier",
        "value": 307
      },
      {
        "name": "L",
        "type": "uint16",
        "size": 1,
        "mandatory": "M",
        "static": "S",
        "label": "Model Length",
        "desc": "Model length"
      },
      {
        "name": "TmpAmb",
        "type": "int16",
        "size": 1,
        "sf": -1,
        "units": "C",
        "label": "Ambient Temperature"
      },
      {
        "name": "RH",
        "type": "int16",
        "size": 1,
        "units": "Pct",
        "label": "Relative Humidity"
      },
      {
        "name": "Pres",
        "type": "int16",
        "size": 1,
        "units": "HPa",
        "label": "Barometric Pressure"
      },
      {
        "name": "WndSpd",
        "type": "int16",
        "size": 1,
        "units": "mps",
        "label": "Wind Speed"
      },
      {
        "name": "WndDir",
        "type": "int16",
        "size": 1,
        "units": "deg",
        "label": "Wind Direction"
      },
      {
        "name": "Rain",
        "type": "int16",
        "size": 1,
        "units": "mm",
        "label": "Rainfall"
      },
      {
        "name": "Snw",
        "type": "int16",
        "size": 1,
        "units": "mm",
        "label": "Snow Depth"
      },
      {
        "name": "PPT",
        "type": "int16",
        "size": 1,
        "label": "Precipitation Type",
        "desc": "\u00a0Precipitation Type (WMO 4680 SYNOP code reference)"
      },
      {
        "name": "ElecFld",
        "type": "int16",
        "size": 1,
        "units": "Vm",
        "label": "Electric Field"
      },
      {
        "name": "SurWet",
        "type": "int16",
        "size": 1,
        "units": "kO",
        "label": "Surface Wetness"
      },
      {
        "name": "SoilWet",
        "type": "int16",
        "size": 1,
        "units": "Pct",
        "label": "Soil Wetness"
      }
    ]
  },
  "id": 307
}