<sunSpecModels v="1">
  <!-- 64258: flash_reader -->
  <model id="64258" len="132" name="flash_reader">
    <block len="4">
      <point id="addr" offset="0" type="uint32" access='rw' mandatory="true" />
      <point id="cmd"  offset="2" type="enum16" access='rw'  mandatory="true" >
        <symbol id="IDLE">0</symbol>
        <symbol id="READ">1</symbol>
      </point>
      <point id="err"  offset="3" type="enum16" access='r'  mandatory="true" >
          <symbol id="NO_ERROR">0</symbol>
          <symbol id="BAD_ADDRESS">1</symbol>
          <symbol id="FLASH_FAULT">2</symbol>          
      </point>
    </block>
    <block len="128" type="repeating" name="sector" mandatory="true">  
      <point id="w0"   offset="0"   type="uint16" access = 'r' mandatory="true"/>
      <point id="w1"   offset="1"   type="uint16" access = 'r' mandatory="true"/>
      <point id="w2"   offset="2"   type="uint16" access = 'r' mandatory="true"/>
      <point id="w3"   offset="3"   type="uint16" access = 'r' mandatory="true"/>
      <point id="w4"   offset="4"   type="uint16" access = 'r' mandatory="true"/>
      <point id="w5"   offset="5"   type="uint16" access = 'r' mandatory="true"/>
      <point id="w6"   offset="6"   type="uint16" access = 'r' mandatory="true"/>
      <point id="w7"   offset="7"   type="uint16" access = 'r' mandatory="true"/>
      <point id="w8"   offset="8"   type="uint16" access = 'r' mandatory="true"/>
      <point id="w9"   offset="9"   type="uint16" access = 'r' mandatory="true"/>
      <point id="w10"  offset="10"  type="uint16" access = 'r' mandatory="true"/>
      <point id="w11"  offset="11"  type="uint16" access = 'r' mandatory="true"/>
      <point id="w12"  offset="12"  type="uint16" access = 'r' mandatory="true"/>
      <point id="w13"  offset="13"  type="uint16" access = 'r' mandatory="true"/>
      <point id="w14"  offset="14"  type="uint16" access = 'r' mandatory="true"/>
      <point id="w15"  offset="15"  type="uint16" access = 'r' mandatory="true"/>
      <point id="w16"  offset="16"  type="uint16" access = 'r' mandatory="true"/>
      <point id="w17"  offset="17"  type="uint16" access = 'r' mandatory="true"/>
      <point id="w18"  offset="18"  type="uint16" access = 'r' mandatory="true"/>
      <point id="w19"  offset="19"  type="uint16" access = 'r' mandatory="true"/>
      <point id="w20"  offset="20"  type="uint16" access = 'r' mandatory="true"/>
      <point id="w21"  offset="21"  type="uint16" access = 'r' mandatory="true"/>
      <point id="w22"  offset="22"  type="uint16" access = 'r' mandatory="true"/>
      <point id="w23"  offset="23"  type="uint16" access = 'r' mandatory="true"/>
      <point id="w24"  offset="24"  type="uint16" access = 'r' mandatory="true"/>
      <point id="w25"  offset="25"  type="uint16" access = 'r' mandatory="true"/>
      <point id="w26"  offset="26"  type="uint16" access = 'r' mandatory="true"/>
      <point id="w27"  offset="27"  type="uint16" access = 'r' mandatory="true"/>
      <point id="w28"  offset="28"  type="uint16" access = 'r' mandatory="true"/>
      <point id="w29"  offset="29"  type="uint16" access = 'r' mandatory="true"/>
      <point id="w30"  offset="30"  type="uint16" access = 'r' mandatory="true"/>
      <point id="w31"  offset="31"  type="uint16" access = 'r' mandatory="true"/>
      <point id="w32"  offset="32"  type="uint16" access = 'r' mandatory="true"/>
      <point id="w33"  offset="33"  type="uint16" access = 'r' mandatory="true"/>
      <point id="w34"  offset="34"  type="uint16" access = 'r' mandatory="true"/>
      <point id="w35"  offset="35"  type="uint16" access = 'r' mandatory="true"/>
      <point id="w36"  offset="36"  type="uint16" access = 'r' mandatory="true"/>
      <point id="w37"  offset="37"  type="uint16" access = 'r' mandatory="true"/>
      <point id="w38"  offset="38"  type="uint16" access = 'r' mandatory="true"/>
      <point id="w39"  offset="39"  type="uint16" access = 'r' mandatory="true"/>
      <point id="w40"  offset="40"  type="uint16" access = 'r' mandatory="true"/>
      <point id="w41"  offset="41"  type="uint16" access = 'r' mandatory="true"/>
      <point id="w42"  offset="42"  type="uint16" access = 'r' mandatory="true"/>
      <point id="w43"  offset="43"  type="uint16" access = 'r' mandatory="true"/>
      <point id="w44"  offset="44"  type="uint16" access = 'r' mandatory="true"/>
      <point id="w45"  offset="45"  type="uint16" access = 'r' mandatory="true"/>
      <point id="w46"  offset="46"  type="uint16" access = 'r' mandatory="true"/>
      <point id="w47"  offset="47"  type="uint16" access = 'r' mandatory="true"/>
      <point id="w48"  offset="48"  type="uint16" access = 'r' mandatory="true"/>
      <point id="w49"  offset="49"  type="uint16" access = 'r' mandatory="true"/>
      <point id="w50"  offset="50"  type="uint16" access = 'r' mandatory="true"/>
      <point id="w51"  offset="51"  type="uint16" access = 'r' mandatory="true"/>
      <point id="w52"  offset="52"  type="uint16" access = 'r' mandatory="true"/>
      <point id="w53"  offset="53"  type="uint16" access = 'r' mandatory="true"/>
      <point id="w54"  offset="54"  type="uint16" access = 'r' mandatory="true"/>
      <point id="w55"  offset="55"  type="uint16" access = 'r' mandatory="true"/>
      <point id="w56"  offset="56"  type="uint16" access = 'r' mandatory="true"/>
      <point id="w57"  offset="57"  type="uint16" access = 'r' mandatory="true"/>
      <point id="w58"  offset="58"  type="uint16" access = 'r' mandatory="true"/>
      <point id="w59"  offset="59"  type="uint16" access = 'r' mandatory="true"/>
      <point id="w60"  offset="60"  type="uint16" access = 'r' mandatory="true"/>
      <point id="w61"  offset="61"  type="uint16" access = 'r' mandatory="true"/>
      <point id="w62"  offset="62"  type="uint16" access = 'r' mandatory="true"/>
      <point id="w63"  offset="63"  type="uint16" access = 'r' mandatory="true"/>
      <point id="w64"  offset="64"  type="uint16" access = 'r' mandatory="true"/>
      <point id="w65"  offset="65"  type="uint16" access = 'r' mandatory="true"/>
      <point id="w66"  offset="66"  type="uint16" access = 'r' mandatory="true"/>
      <point id="w67"  offset="67"  type="uint16" access = 'r' mandatory="true"/>
      <point id="w68"  offset="68"  type="uint16" access = 'r' mandatory="true"/>
      <point id="w69"  offset="69"  type="uint16" access = 'r' mandatory="true"/>
      <point id="w70"  offset="70"  type="uint16" access = 'r' mandatory="true"/>
      <point id="w71"  offset="71"  type="uint16" access = 'r' mandatory="true"/>
      <point id="w72"  offset="72"  type="uint16" access = 'r' mandatory="true"/>
      <point id="w73"  offset="73"  type="uint16" access = 'r' mandatory="true"/>
      <point id="w74"  offset="74"  type="uint16" access = 'r' mandatory="true"/>
      <point id="w75"  offset="75"  type="uint16" access = 'r' mandatory="true"/>
      <point id="w76"  offset="76"  type="uint16" access = 'r' mandatory="true"/>
      <point id="w77"  offset="77"  type="uint16" access = 'r' mandatory="true"/>
      <point id="w78"  offset="78"  type="uint16" access = 'r' mandatory="true"/>
      <point id="w79"  offset="79"  type="uint16" access = 'r' mandatory="true"/>
      <point id="w80"  offset="80"  type="uint16" access = 'r' mandatory="true"/>
      <point id="w81"  offset="81"  type="uint16" access = 'r' mandatory="true"/>
      <point id="w82"  offset="82"  type="uint16" access = 'r' mandatory="true"/>
      <point id="w83"  offset="83"  type="uint16" access = 'r' mandatory="true"/>
      <point id="w84"  offset="84"  type="uint16" access = 'r' mandatory="true"/>
      <point id="w85"  offset="85"  type="uint16" access = 'r' mandatory="true"/>
      <point id="w86"  offset="86"  type="uint16" access = 'r' mandatory="true"/>
      <point id="w87"  offset="87"  type="uint16" access = 'r' mandatory="true"/>
      <point id="w88"  offset="88"  type="uint16" access = 'r' mandatory="true"/>
      <point id="w89"  offset="89"  type="uint16" access = 'r' mandatory="true"/>
      <point id="w90"  offset="90"  type="uint16" access = 'r' mandatory="true"/>
      <point id="w91"  offset="91"  type="uint16" access = 'r' mandatory="true"/>
      <point id="w92"  offset="92"  type="uint16" access = 'r' mandatory="true"/>
      <point id="w93"  offset="93"  type="uint16" access = 'r' mandatory="true"/>
      <point id="w94"  offset="94"  type="uint16" access = 'r' mandatory="true"/>
      <point id="w95"  offset="95"  type="uint16" access = 'r' mandatory="true"/>
      <point id="w96"  offset="96"  type="uint16" access = 'r' mandatory="true"/>
      <point id="w97"  offset="97"  type="uint16" access = 'r' mandatory="true"/>
      <point id="w98"  offset="98"  type="uint16" access = 'r' mandatory="true"/>
      <point id="w99"  offset="99"  type="uint16" access = 'r' mandatory="true"/>
      <point id="w100" offset="100" type="uint16" access = 'r' mandatory="true"/>
      <point id="w101" offset="101" type="uint16" access = 'r' mandatory="true"/>
      <point id="w102" offset="102" type="uint16" access = 'r' mandatory="true"/>
      <point id="w103" offset="103" type="uint16" access = 'r' mandatory="true"/>
      <point id="w104" offset="104" type="uint16" access = 'r' mandatory="true"/>
      <point id="w105" offset="105" type="uint16" access = 'r' mandatory="true"/>
      <point id="w106" offset="106" type="uint16" access = 'r' mandatory="true"/>
      <point id="w107" offset="107" type="uint16" access = 'r' mandatory="true"/>
      <point id="w108" offset="108" type="uint16" access = 'r' mandatory="true"/>
      <point id="w109" offset="109" type="uint16" access = 'r' mandatory="true"/>
      <point id="w110" offset="110" type="uint16" access = 'r' mandatory="true"/>
      <point id="w111" offset="111" type="uint16" access = 'r' mandatory="true"/>
      <point id="w112" offset="112" type="uint16" access = 'r' mandatory="true"/>
      <point id="w113" offset="113" type="uint16" access = 'r' mandatory="true"/>
      <point id="w114" offset="114" type="uint16" access = 'r' mandatory="true"/>
      <point id="w115" offset="115" type="uint16" access = 'r' mandatory="true"/>
      <point id="w116" offset="116" type="uint16" access = 'r' mandatory="true"/>
      <point id="w117" offset="117" type="uint16" access = 'r' mandatory="true"/>
      <point id="w118" offset="118" type="uint16" access = 'r' mandatory="true"/>
      <point id="w119" offset="119" type="uint16" access = 'r' mandatory="true"/>
      <point id="w120" offset="120" type="uint16" access = 'r' mandatory="true"/>
      <point id="w121" offset="121" type="uint16" access = 'r' mandatory="true"/>
      <point id="w122" offset="122" type="uint16" access = 'r' mandatory="true"/>
      <point id="w123" offset="123" type="uint16" access = 'r' mandatory="true"/>
      <point id="w124" offset="124" type="uint16" access = 'r' mandatory="true"/>
      <point id="w125" offset="125" type="uint16" access = 'r' mandatory="true"/>
      <point id="w126" offset="126" type="uint16" access = 'r' mandatory="true"/>
      <point id="w127" offset="127" type="uint16" access = 'r' mandatory="true"/>
    </block>
  </model>
  <strings id="64258">
    <model>
      <label>Flash memory reader</label>
      <description>Read contents of Flash</description>
      <notes></notes>
    </model>
  </strings>
</sunSpecModels>
